prot,fs
abcrystallin,0
acc1,1
acc1ps79,1
acvrl1,1
adar1,1
aib1,1
akt,1
akt3,1
aktps473,1
aktpt308,1
alphacatenin,1
alphatubulin,0
ampka2ps345,1
ampkalpha,1
ampkapt172,1
annexin1,-1
annexinvii,-1
ar,1
araf,1
arafps299,1
arhi,-1
arid1a,-1
asns,1
atg12,-1
atg3,-1
atg5,-1
atg7,-1
atm,1
atmps1981,1
atp5a,0
atp5h,0
atpsynthasesubunita,0
atpsynthasesubunitd,0
atr,-1
atrip,-1
atrps428,-1
atrx,-1
auroraapt288,1
aurorab,1
axl,1
axlpt702,1
b7h3,1
b7h4,1
bactin,1
badps112,1
bak,-1
bap1,-1
bax,-1
bcateninpt41s45,1
bcl2,1
bcl2a1,1
bcl2ps70,1
bclxl,1
beclin,0
betacatenin,1
betacateninps33,1
betacateninps33s37t41,1
bid,-1
bim,-1
bip,1
bipgrp78,1
bmk1erk5pt218y220,1
bmx,1
bop1,1
braf,1
brafps445,1
brca1,-1
brca2,1
brd4,1
cabl,1
caseinkinase,1
caseinkinase1epsillon,1
cask,1
caspase3,-1
caspase3active,-1
caspase7,-1
caspase7cleaved,-1
caspase8,-1
caspase8cleaved,-1
caspase9,-1
caspase9cleaved,-1
caveolin1,1
cd11a,0
cd134,1
cd171,1
cd20,1
cd26,0
cd29,1
cd31,1
cd44,1
cd45,1
cd49,1
cd49b,1
cd68,0
cd86,0
cdc25c,1
cdk1,1
cdk1py15,1
cdk2,1
cdk4,1
chk1,1
chk1ps296,1
chk1ps317,1
chk1ps345,1
chk2,1
chk2pt68,1
ciap,1
ciap2,-1
cjun,1
cjunps73,1
ckit,1
claudin7,1
cmet,1
cmetpy1234y1235,1
cmetpy1235,1
cmyc,1
cmycpt58,1
cofilin,0
cofilinps3,0
cog3,1
collagenvi,1
complexiisubunit,-1
complexiisubunit30,-1
complexiisubunit30kdaip,-1
complexiisubunit70kdafp,-1
complexiisubunitcore2,0
complexiisubunitndufb4,0
complexiisubunitrieske,0
complexivsubunit1,0
complexivsubunitiv,0
connexin43,1
couptfii,0
cox2,1
coxiv,1
craf,1
crafps338,1
creb,1
crm1,1
cxcr4,1
cyclina2,1
cyclinb1,1
cyclind1,1
cyclind3,1
cycline,1
cycline1,1
cycline2,1
cyclophilind,0
cyclophilinf,1
cytokeratin19,0
datubulin,-1
ddb1,0
dj1,1
dmhistoneh3,1
dmk9histoneh3,1
dnapkcsps2056,1
dnapkcspt2609,1
dnapkcspy393,1
dnatopo1,0
dusp4,-1
dvl3,1
e2f1,-1
e2f2,1
ecadherin,-1
eef2,1
eef2k,1
efabp,0
egfr,1
egfrpy1173,1
egfrpy992,1
eif2aps51,0
eif4a1,1
eif4e,1
eif4eps209,1
eif4g,1
elf2aps51,0
elk1ps383,1
ema,1
endothelin1,1
eny2,1
epha2,1
epha2ps897,1
eralpha,1
eralphaps118,1
eralphaps167,1
ercc1,1
ercc2,-1
ercc5,-1
erg123,1
erk2,1
erk5,1
ets1,1
etv6,-1
fak,1
fakpy397,1
fakpy925,1
fancd2,-1
fasn,1
fgfrpy653y654,1
fibronectin,1
fortilin,1
foxm1,1
foxo3a,-1
foxo3aps318,1
foxo3aps318s321,-1
fra1,1
fra1ps265,1
fra1ps265cleaved,1
frs2apy436,1
g6pd,1
gab2,1
gab2py452,1
gapdh,0
gata3,-1
gata3beta,-1
gata6,1
gclm,1
gcn5l2,1
glutamated12,1
glutaminase,1
gpbb,1
granzymeb,-1
gsk3alphabeta,0
gsk3alphabetaps21,1
gsk3alphabetaps21s9,1
gsk3b,0
gsk3bps9,1
gsk3ps21,1
gsk3ps9,1
gys,1
gysps641,-1
h2axps139,0
h2axps140,1
her2,1
her2py1248,1
her3,1
her3py1289,1
heregulin,1
hes1,-1
hexokinaseii,1
hiap,1
hif1alpha,1
histoneh2a,0
histoneh3,1
hlae,0
hmgb1,0
hsp27,1
hsp27ps82,1
hsp70,1
hsp90,1
hsp90a,1
hsparc,0
hvegf,1
hydin,0
igf1r,1
igf1rb,1
igf1rpy1135,1
igf1rpy1135y1136,1
igf1rpy980,1
igfbp2,1
igfbp5,-1
igfbpb,0
ikbaps32,1
ikbaps3236,1
inpp4b,-1
irb,1
irf1,1
irs1,1
irs1ps307,0
jab1,1
jagged1,1
jak2,1
jnk2,1
jnkpt183y185,1
junb,0
kif11,1
kras,1
ku,0
ku80,1
lc3ab,1
lck,1
ldha,1
lkb1,-1
lrp6ps1490,1
mapkpt202,1
mapkpt202y204,1
mcl1,1
mct4,1
mdm2,1
mdm2ps166,1
mek1,1
mek12ps217,1
mek1ps217,1
mek1ps217s221,1
mek2,1
merit40ps29,1
merlin,-1
met,1
mgmt,0
mif,1
mig6,-1
mitochondria,0
mklp,1
mlh1,-1
mmp2,1
mnk1,1
mre11,1
msh2,1
msh6,-1
msi2,1
mtor,1
mtorps2448,1
myosin11,0
myosiniia,0
myosiniiaps1943,-1
myt1,1
napsina,1
nbs1,-1
ncadherin,1
nckips1,1
ndrg1pt346,-1
ndufb4,1
nf2,1
nfkbp65,1
nfkbp65ps536,1
notch1,1
notch3,1
nras,1
p14arf,-1
p16ink4a,-1
p18ink4c,-1
p19,-1
p21,-1
p27,1
p27pt157,1
p27pt183,1
p27pt198,1
p38,0
p38a,0
p38mapk,1
p38mapkpt180,0
p38mapkpt180y182,0
p4442mapk,1
p53,-1
p53ps15,-1
p62,0
p62lckligand,1
p70s6k,1
p70s6kps371,1
p70s6kpt389,1
p90rsk,1
p90rskpt359,1
p90rskpt359s363,1
p90rskpt573,1
pai1,1
paics,1
pak1,1
pak4,1
pal1,1
par,1
parp1,0
parp2,0
parpcleaved,1
pax2,0
pax8,1
paxillin,1
paxillinpy118,1
pcadherin,1
pcna,1
pdcd4,-1
pdgfrb,1
pdh,0
pdha1,0
pdhk1,1
pdk1,1
pdk1ps241,1
pdl1,1
pea15,-1
pea15ps116,1
pi3kp110alpha,1
pi3kp110b,1
pi3kp85,1
pkaa,1
pkcalpha,1
pkcalphaps657,1
pkcbetaiips660,1
pkcdeltaps664,1
pkm2,1
plcgamma2py759,1
plcr2py759,1
plk1,1
plk4,0
pms2,-1
porin,-1
pr,1
pras40,1
pras40pt246,1
prdx1,1
prex1,1
prkag2,-1
prmt5,1
prohibitin,0
ptch,-1
pten,-1
puma,-1
pygm,0
rab11,1
rab25,1
rad50,-1
rad51,-1
raptor,1
rasd2,0
rb,-1
rbm15,-1
rbps807,1
rbps807s811,1
rheb,1
rictor,1
rictorpt1135,-1
rip,1
rock1,1
rpa32,1
rpa32ps33,0
rpa32ps4s8,-1
rsk,1
s6,1
s6ps235,1
s6ps235s236,1
s6ps240,1
s6ps240s244,1
scd1,1
sdha,-1
setd2,1
sf2,1
shcpy317,1
shp2py542,1
slc1a5,1
slfn11,-1
smac,-1
smad1,0
smad3,0
smad3ps423,0
smad4,0
smad6,1
snail,1
socs2,-1
sod1,1
sod2,1
sox2,1
sparc,0
spib,0
src,1
srcpy416,1
srcpy527,-1
stat3,1
stat3py705,1
stat3py727,1
stat5alpha,1
stat5py694,1
stat6py641,1
stathmin,1
statpy694,1
syk,1
syntaxab2,0
tau,1
taz,-1
tazps89,-1
tcf4,1
telomerase,1
tfam,1
tff1,-1
tfrc,1
tgif2,1
tif1,1
tigar,0
tim3,0
top1,0
transglutaminase,1
trfc,1
trim25,1
tsc1,-1
tsc2,-1
tsc2pt1462,1
ttf1,-1
tu30,0
tufm,1
twist,1
tyro3,1
ubac1,0
ubiquitinclonep4d1a11,0
ugt1a,1
ulk1ps757,1
uqcrc2,0
vasp,1
vav1,1
vegf,1
vegfr2,1
vhleppk1,0
vimentin,1
wee1,1
wee1ps642,-1
wipi1,-1
wipi2,-1
x1433beta,-1
x1433epsilon,1
x1433sigma,-1
x1433zeta,-1
x4ebp1,-1
x4ebp1ps65,1
x4ebp1pt37,1
x4ebp1pt37t46,1
x4ebp1pt70,1
x4oct,1
x53bp1,-1
xbp1,1
xiap,1
xpa,-1
xpb,-1
xpc,-1
xpf,-1
xrcc1,1
yap,1
yapps127,1
yb1,1
yb1ps102,1
yboxbp1,1
zap70,1
zhx2,-1
znf342,0
