protein	fs	confidence	literature_source	note
abcrystallin	0	Medium	PMC9880180 (pan-cancer CRYAB analysis); PubMed 22158051 (tumor-suppressive in nasopharyngeal carcinoma via cadherin/catenin junction); bioRxiv 2022.07.27.501790 (oncogenic, promotes tumorigenesis/metastasis in breast cancer)	CRYAB/alphaB-crystallin; genuinely conflicting oncogenic vs tumor-suppressive reports across cancer types, no consensus direction
acc1ps79	1	Medium	fs_mod.csv established acc1=1 and accps79=1 (verified core-dataset precedent, identical marker); Sciencedirect S1550413118305217 (phospho-ACC-S79 suppresses lipogenesis/HCC)	ACC1 (ACACA) phospho-Ser79; site is AMPK-inhibitory (reduces lipogenic flux, arguably anti-tumor at site level) but assigned +1 for consistency with established dataset convention for this exact marker; mechanistic tension flagged
aib1	1	High	Nature aps200650 (SRC-3/AIB1 oncogenic coactivator review); PMC4546471 (AIB1 amplification, poor survival in gastric cancer); PMC2898573 (AIB1 knockout inhibits prostate cancer progression in mice)	AIB1/NCOA3/SRC-3; amplified steroid-receptor coactivator, well-established oncogene in breast/prostate/gastric cancer
akt3	1	High	Nature Reviews Cancer s41568-019-0216-7 (PI3K-AKT oncogenic signaling network review); UniProt Q9Y243	AKT3; PI3K-AKT pathway effector kinase, amplified/activated in melanoma and other cancers, classic oncogene
alphatubulin	0	High	Structural cytoskeletal housekeeping protein, commonly used as RPPA/immunoblot loading control; analogous to GAPDH=0 precedent verified in fs_mod.csv; PMC11410638/Nature s41598-024-58982-z (tubulin isoforms correlate with prognosis but no causal oncogene/TSG role established)	Alpha-tubulin; structural/housekeeping, not a growth-signaling protein
arhi	-1	High	Oncogene onc2011213 / PMC3170676 (ARHI/DIRAS3 suppresses ovarian cancer migration via Stat3/FAK-Rho); Wikipedia DIRAS3	ARHI/DIRAS3; imprinted tumor suppressor, silenced in ovarian and breast cancer
atg12	-1	Medium	fs_mod.csv established atg3=-1, atg7=-1 (verified, same ubiquitin-like conjugation module); Molecular Cancer s12943-020-1138-4 (autophagy dual role review)	ATG12; core member of the ATG12-ATG5-ATG16L1 conjugation cascade alongside ATG3/ATG7 (already -1 in dataset); aligned for internal consistency despite broader autophagy dual-role literature
atg5	-1	Medium	fs_mod.csv established atg3=-1, atg7=-1 (verified, same conjugation module); Science Translational Medicine scitranslmed.3005864 (ATG5 loss contributes to early melanoma) vs PMC5059867 (ATG5-dependent autophagy supports AML)	ATG5; same LC3-lipidation conjugation machinery as ATG3/ATG7 (already -1 in dataset); aligned for consistency, though literature shows genuine context-dependence
atp5a	0	High	Human Protein Atlas ATP5F1A; PMC9980697 (ATP5F1A phosphorylation affects prostate cancer survival but subunit itself is housekeeping OXPHOS); analogous to GAPDH=0 precedent in fs_mod.csv	ATP5A/ATP5F1A; Complex V (ATP synthase) housekeeping mitochondrial subunit, no established oncogene/TSG role
atp5h	0	High	Wikipedia ATP5PD/ATP5H; PMC6118592 (ATP5H loss affects therapy resistance but subunit is core OXPHOS housekeeping)	ATP5H/ATP5PD; Complex V (ATP synthase) peripheral stalk subunit, housekeeping/metabolic
atpsynthasesubunita	0	High	NCBI Gene ATP synthase subunit a (MT-ATP6/ATP5PB family); core OXPHOS Complex V component, analogous to GAPDH=0 precedent	ATP synthase subunit a; housekeeping mitochondrial, no established oncogene/TSG role
atpsynthasesubunitd	0	High	Wikipedia ATP5PD; core OXPHOS Complex V component, analogous to GAPDH=0 precedent	ATP synthase subunit d; housekeeping mitochondrial, no established oncogene/TSG role
atr	-1	High	fs_mod.csv atrps428=-1 (verified precedent); AACR clincancerres 21/21/4780 (ATR molecular pathways in cancer therapy)	ATR; DNA-damage checkpoint sensor kinase, genome caretaker; germline mutations cause Seckel syndrome with cancer predisposition
atrip	-1	Medium	Cancer Research 67/13/6100 (ATRIP-BRCA1 interaction in checkpoint function); ATRIP has no known function independent of the ATR complex	ATRIP; obligate ATR-binding partner/activator, tracks with ATR's -1 (established atrps428 precedent)
atrx	-1	High	Nature Communications s41467-018-03476-6 (ATRX loss drives glioma phenotype via epigenomic remodeling); MDPI cancers-15-02228 (ATRX chromatin remodeler review)	ATRX; chromatin remodeler, well-established tumor suppressor in glioma (IDH-mutant astrocytoma marker) and pancreatic neuroendocrine tumors
auroraapt288	1	High	Oncogene 1209754 (Thr288 autophosphorylation = activation-loop mark, active kinase); fs_mod.csv aurorab=1 (paralog precedent, verified)	Aurora Kinase A phospho-Thr288; activating autophosphorylation mark on classic amplified mitotic oncogene/drug target
axlpt702	1	High	Nature s41392-024-02121-7 (AXL signaling in cancer review); Molecular Cancer s12943-019-1090-3	AXL receptor tyrosine kinase phospho-Tyr702; activation-loop-region autophosphorylation, drives EMT and therapy resistance, oncogenic
b7h3	1	Medium	Molecular Cancer s12943-023-01751-9; Frontiers fimmu.2026.1857767 (B7-H3/CD276 actionable therapeutic target and prognostic biomarker across malignancies)	CD276/B7-H3; broadly overexpressed on tumor cells, promotes immune evasion, associated with worse prognosis in most solid tumors
bcl2a1	1	High	GeneCards BCL2A1; Nature Oncogenesis s41389-026-00632-2 (anti-apoptotic BCL2 family review)	BCL2A1; anti-apoptotic BCL2-family member, upregulated in melanoma/leukemia, confers chemoresistance
bcl2ps70	1	High	Blood ashpublications 124/14/2223 (Ser70 phosphorylation stabilizes Bcl-2 antiapoptotic activity); Clin Cancer Res 11/20/7255 (pS70-Bcl2 correlates with malignancy in colorectal neoplasms); Cancer Research 73/23/6998 (contributes to Bak binding and drug resistance)	BCL2 phospho-Ser70; activating mark that stabilizes anti-apoptotic function, reinforces parent Bcl-2's oncogenic role
betacateninps33	1	Medium	fs_mod.csv bcateninpt41s45=1 and betacatenin=1 (verified precedent, same phosphodegron cluster); Oncotarget 15687 (beta-catenin regulation in cancer review)	Beta-catenin phospho-Ser33; this is the GSK3/destruction-complex phosphodegron (the exact residues mutated in cancer to escape degradation) - site-level logic could argue -1/0, but assigned +1 per established dataset convention for this phosphosite cluster
betacateninps33s37t41	1	Medium	Same as betacateninps33 (identical phosphodegron cluster, fs_mod.csv bcateninpt41s45=1 verified precedent)	Beta-catenin phospho-Ser33/Ser37/Thr41; same GSK3 destruction-complex degron logic as above
bip	1	High	fs_mod.csv bipgrp78=1 (verified precedent); PMC4151476 (anti-GRP78 antibody suppresses PI3K/AKT signaling, tumor growth, metastasis); PMC9516447 (GRP78 targeting suppresses oncogenic KRAS)	BiP/GRP78/HSPA5; ER-stress chaperone, well-established pro-survival/oncogenic role in most solid tumors
bmk1erk5pt218y220	1	High	Nature s41388-018-0164-9 (ERK5 activated by oncogenic BRAF, promotes melanoma growth); MDPI ijms-20-01426 (ERK5 impact on hallmarks of cancer)	ERK5/BMK1 phospho-Thr218/Tyr220; MEK5-mediated activation-loop phosphorylation marking active, proliferative ERK5
bmx	1	High	PMC3076106 (BMX maintains glioblastoma stem cell self-renewal via STAT3); Oncotarget 17493 (BMX/Etk promotes cervical cancer proliferation via PI3K/AKT/mTOR, STAT3); Cancer Research 66/16/8058 (Etk/BMX upregulated in prostate cancer)	BMX/ETK; non-receptor tyrosine kinase, consistently oncogenic survival signaling across glioblastoma, cervical, prostate, renal, bladder cancer
bop1	1	Medium	OMIM *610596; PMC8865985 (BOP1 promotes proliferation, invasion, EMT in gastric cancer); Springer s11596-021-2345-y (BOP1 silencing suppresses gastric cancer proliferation via p53)	BOP1; ribosome-biogenesis factor - despite its historical name ("Block Of Proliferation 1" from an unrelated discovery context), functional studies consistently show it PROMOTES cancer proliferation/invasion; corrected from draft's 0
brca1	-1	High	OMIM/NCBI Gene BRCA1; canonical, extensively validated tumor suppressor	BRCA1; homologous-recombination DNA repair gene, germline mutations cause hereditary breast/ovarian cancer syndrome
caseinkinase	1	Low	MDPI ph-10-00018 ("CK2 in Cancer"); PNAS 0606845103 (CK2 increases survivin via beta-catenin/TCF transcription); Nature Oncogenesis s41389-019-0171-x (CK2 drives cholangiocarcinoma malignant phenotype)	Generic "casein kinase" antibody, target identity ambiguous (CK1 vs CK2, multiple isoforms); if CK2 (most common in RPPA panels), literature is strongly and consistently pro-oncogenic; corrected from draft's 0, Low confidence reflects target-identity ambiguity rather than direction ambiguity
caseinkinase1epsillon	1	Medium	PLOS ONE 0008979 (CK1epsilon required for beta-catenin-dependent breast cancers); EMBO Mol Med emmm.201101094 (supports ovarian cancer cell growth/survival); J Cancer Res Clin Oncol 06321-8 (CSNK1E regulates HCC proliferation/migration)	CK1-epsilon (CSNK1E); consistently pro-oncogenic across breast, ovarian, oral, hepatocellular cancer studies; corrected from draft's 0
cask	1	Medium	PMC13156893 (CASK promotes NSCLC growth via EGFR regulation); ScienceDirect S0141813025045179 (CASK promotes prostate cancer via kinase-dependent AKT activation); Frontiers fonc.2021.681683 (CASK silencing overcomes sorafenib resistance in HCC by activating apoptosis)	CASK; scaffolding kinase, recent cancer literature consistently shows a pro-tumor growth-promoting role (NSCLC, prostate, HCC); corrected from draft's 0
caspase3active	-1	High	fs_mod.csv caspase3=-1 (verified); UniProt P42574	Active caspase-3; canonical executioner caspase of apoptosis, pro-death, opposes cancer cell survival
caspase7	-1	High	fs_mod.csv caspase7cleaved=-1 (verified); UniProt P55210	Caspase-7; executioner caspase, pro-apoptotic
caspase8cleaved	-1	High	fs_mod.csv caspase8=-1 (verified); UniProt Q14790	Cleaved/active caspase-8; initiator caspase of extrinsic apoptosis pathway, pro-apoptotic
caspase9	-1	High	UniProt P55211; consistent with fs_mod.csv caspase3/7/8 = -1 precedent for the caspase family	Caspase-9; initiator caspase of intrinsic (mitochondrial) apoptosis pathway, pro-apoptotic
caspase9cleaved	-1	High	UniProt P55211; consistent with fs_mod.csv caspase family -1 precedent	Cleaved/active caspase-9; active initiator caspase, pro-apoptotic
cd11a	0	Medium	Human Protein Atlas ITGAL; Frontiers fimmu.2024.1382231/PMC11027504 (ITGAL expression tied to immune cell infiltrates in NSCLC, not tumor-cell-intrinsic)	CD11a/ITGAL; primarily a leukocyte (LFA-1) adhesion molecule, not tumor-cell autonomous; no clear consensus growth direction
cd26	0	Medium	ScienceDirect S016372581930035X and MDPI cancers-14-05194 ("CD26 and Cancer"); PMC8870104 (CD26+ leukemic stem cells, aggressive CML) vs tumor-suppressive reports when lost in solid tumors	CD26/DPP4; explicitly documented, genuinely opposite roles depending on cancer type (oncogenic marker in CML vs tumor-suppressive in some solid tumors)
cd49	1	Low	fs_mod.csv cd49b=1 (verified core-dataset precedent for the same integrin-alpha CD49 family); PMC8378442 (integrin alpha6beta4/CD49f on metastatic breast cancer circulating tumor cells, pro-metastatic)	CD49 (unspecified integrin alpha subunit); corrected to align with established cd49b=1 precedent, but subtype is ambiguous and family members conflict (e.g., ITGA2/CD49b reported as a metastasis suppressor in PMC3007139) - Low confidence reflects this unresolved ambiguity
cd68	0	Medium	Nature s41598-022-11503-2 (CD68 pan-cancer prognosis, mixed); PubMed 24067108 (CD68+ TAMs not prognostic in Hodgkin lymphoma); PMC6746141 (meta-analysis, mixed results in breast cancer)	CD68; tumor-associated-macrophage lineage marker, not tumor-cell autonomous; prognostic literature is genuinely inconsistent across cancer types
cd86	0	Medium	Wiley ijc.70028 ("CD86, the double agent" - B-cell malignancies); costimulatory molecule mainly on antigen-presenting cells	CD86; explicitly documented dual/context-dependent role (anti-tumor T-cell activation vs tumor-promoting in some B-cell malignancies)
cdk1py15	1	High	fs_mod.csv cdc2py15=1 (verified, identical marker under CDK1's legacy gene name CDC2)	CDK1 phospho-Tyr15; canonical mitotic-driver oncoprotein/drug target; the Tyr15 mark itself is the inhibitory Wee1/Myt1 phosphorylation, but assigned +1 per established, identical dataset precedent
cdk2	1	High	UniProt P24941; NCBI Gene CDK2	CDK2; canonical cell-cycle oncogenic kinase, G1/S driver, frequently dysregulated in cancer
cdk4	1	High	UniProt P11802; CDK4/6 inhibitors (palbociclib, ribociclib) are FDA-approved breast cancer drugs targeting this pathway	CDK4; frequently amplified oncogene (liposarcoma, glioma), validated drug target
chk1ps317	1	Medium	fs_mod.csv chk1=1, chk1ps296=1, chk1ps345=1 (all verified, same protein/pathway precedent); AACR clincancerres 4780 and PMC5856582 ("ATR/CHK1 inhibitors and cancer therapy")	Chk1 phospho-Ser317; ATR-mediated checkpoint-activation mark - cancer cells with oncogene-driven replication stress become dependent on CHK1 signaling for survival, making CHK1 activation a pro-survival dependency (basis of CHK1-inhibitor therapeutics); corrected from draft's -1 to match established +1 convention for this protein's other phosphosites
cjun	1	High	fs_mod.csv cjunps73=1 (verified)	c-Jun; canonical AP-1 oncogenic transcription factor, drives proliferation/invasion downstream of MAPK signaling
cmetpy1234y1235	1	High	fs_mod.csv cmet=1, cmetpy1235=1 (verified); PubMed 8302603 (Tyr1234/1235 are the activation-loop autophosphorylation sites required for MET kinase activation)	c-Met phospho-Tyr1234/Tyr1235; activation-loop autophosphorylation, canonical oncogenic RTK (HGF receptor)
cmycpt58	1	Medium	fs_mod.csv cmyc=1 (verified); Science Advances sciadv.abl7872 (diphosphorylated degrons control c-Myc degradation by Fbw7)	c-Myc phospho-Thr58; part of a GSK3-dependent phosphodegron that (together with Ser62 status) can target Myc for degradation - site-level logic could argue for a destabilizing/anti-oncogenic reading, but the antibody cannot distinguish stable diphospho vs degradation-committed monophospho pools, and c-Myc's dominant oncogenic classification is used per dataset convention
cofilin	0	Low	Frontiers 599065 ("Cofilin: Promising Protein in Cancer Metastasis and Apoptosis"); Cancer Research 74/8/2362 (active cofilin drives TGF-beta-induced invasion in prostate cancer)	Cofilin; actin-dynamics regulator whose effect flips with activation state (phosphorylation), genuinely context-dependent, no single consensus direction for total protein
cofilinps3	0	Low	Same sources as cofilin; Ser3 phosphorylation inactivates cofilin's actin-severing activity (opposite of active cofilin's pro-invasive role)	Phospho-cofilin (Ser3, inactive form); no established consensus direction, genuinely context-dependent
complexiisubunit	-1	Medium	fs_mod.csv sdha=-1 (verified, direct Complex II precedent)	Complex II (succinate dehydrogenase) subunit, unspecified; SDH subunits are established tumor suppressors (hereditary paraganglioma-pheochromocytoma syndrome, GIST, renal cell carcinoma via succinate-driven pseudohypoxic HIF-1a stabilization); corrected from draft's 0 - unlike Complex I/III/IV/V subunits, Complex II carries this specific hereditary-cancer-gene role
complexiisubunit30	-1	High	fs_mod.csv sdha=-1 (verified); "30 kDa" subunit of Complex II corresponds to SDHB (the 30 kDa iron-sulfur protein)	Complex II subunit, 30 kDa (likely SDHB); classic hereditary paraganglioma/pheochromocytoma tumor-suppressor gene; corrected from draft's 0
complexiisubunit30kdaip	-1	High	fs_mod.csv sdha=-1 (verified, direct Complex II precedent); "30kDaIP" = SDHB, the 30 kDa Iron-sulfur Protein subunit of succinate dehydrogenase	SDHB (Complex II 30 kDa iron-sulfur protein); established hereditary tumor-suppressor gene, especially for malignant/metastatic paraganglioma-pheochromocytoma; corrected from draft's 0
complexiisubunit70kdafp	-1	High	fs_mod.csv sdha=-1 (verified, direct match); "70kDaFP" = SDHA, the 70 kDa Flavoprotein catalytic subunit of succinate dehydrogenase	SDHA (Complex II 70 kDa flavoprotein); established tumor suppressor gene (e.g., SDHA-deficient GIST); corrected from draft's 0
