protein	fs_from_fs_mod.csv	fs_from_fs.csv
abcrystallin	NA	NA
acc1	1	1
acc1ps79	NA	NA
acvrl1	1	1
adar1	1	1
aib1	NA	NA
akt	1	1
akt3	NA	NA
aktps473	1	NA
aktpt308	1	NA
alphacatenin	1	1
alphatubulin	NA	NA
ampka2ps345	1	NA
ampkalpha	1	1
ampkapt172	1	NA
annexin1	-1	-1
annexinvii	-1	NA
ar	1	1
araf	1	NA
arafps299	1	NA
arhi	NA	NA
arid1a	-1	-1
asns	1	1
atg12	NA	NA
atg3	-1	-1
atg5	NA	NA
atg7	-1	-1
atm	1	1
atmps1981	1	NA
atp5a	NA	NA
atp5h	NA	NA
atpsynthasesubunita	NA	NA
atpsynthasesubunitd	NA	NA
atr	NA	NA
atrip	NA	NA
atrps428	-1	NA
atrx	NA	NA
auroraapt288	NA	NA
aurorab	1	NA
axl	1	1
axlpt702	NA	NA
b7h3	NA	NA
b7h4	1	NA
bactin	1	NA
badps112	1	NA
bak	-1	-1
bap1	-1	-1
bax	-1	-1
bcateninpt41s45	1	NA
bcl2	1	1
bcl2a1	NA	NA
bcl2ps70	NA	NA
bclxl	1	NA
beclin	0	0
betacatenin	1	1
betacateninps33	NA	NA
betacateninps33s37t41	NA	NA
bid	-1	-1
bim	-1	-1
bip	NA	NA
bipgrp78	1	NA
bmk1erk5pt218y220	NA	NA
bmx	NA	NA
bop1	NA	NA
braf	1	NA
brafps445	1	NA
brca1	NA	NA
brca2	1	1
brd4	1	1
cabl	1	NA
caseinkinase	NA	NA
caseinkinase1epsillon	NA	NA
cask	NA	NA
caspase3	-1	NA
caspase3active	NA	NA
caspase7	NA	NA
caspase7cleaved	-1	NA
caspase8	-1	NA
caspase8cleaved	NA	NA
caspase9	NA	NA
caspase9cleaved	NA	NA
caveolin1	1	NA
cd11a	NA	NA
cd134	1	1
cd171	1	1
cd20	1	1
cd26	NA	NA
cd29	1	1
cd31	1	1
cd44	1	1
cd45	1	1
cd49	NA	NA
cd49b	1	1
cd68	NA	NA
cd86	NA	NA
cdc25c	1	1
cdk1	1	1
cdk1py15	NA	NA
cdk2	NA	NA
cdk4	NA	NA
chk1	1	1
chk1ps296	1	NA
chk1ps317	NA	NA
chk1ps345	1	NA
chk2	1	1
chk2pt68	1	NA
ciap	1	1
ciap2	-1	NA
cjun	NA	NA
cjunps73	1	NA
ckit	1	NA
claudin7	1	NA
cmet	1	1
cmetpy1234y1235	NA	NA
cmetpy1235	1	NA
cmyc	1	NA
cmycpt58	NA	NA
cofilin	NA	NA
cofilinps3	NA	NA
cog3	1	1
collagenvi	1	NA
complexiisubunit	NA	NA
complexiisubunit30	NA	NA
complexiisubunit30kdaip	NA	NA
complexiisubunit70kdafp	NA	NA
complexiisubunitcore2	NA	NA
complexiisubunitndufb4	NA	NA
complexiisubunitrieske	NA	NA
complexivsubunit1	NA	NA
complexivsubunitiv	NA	NA
connexin43	1	NA
couptfii	NA	NA
cox2	1	1
coxiv	1	NA
craf	1	NA
crafps338	1	NA
creb	1	1
crm1	NA	NA
cxcr4	NA	NA
cyclina2	NA	NA
cyclinb1	1	NA
cyclind1	1	NA
cyclind3	1	NA
cycline	NA	NA
cycline1	1	NA
cycline2	1	1
cyclophilind	NA	NA
cyclophilinf	1	NA
cytokeratin19	NA	NA
datubulin	-1	NA
ddb1	NA	NA
dj1	1	1
dmhistoneh3	1	NA
dmk9histoneh3	1	NA
dnapkcsps2056	NA	NA
dnapkcspt2609	NA	NA
dnapkcspy393	NA	NA
dnatopo1	NA	NA
dusp4	-1	-1
dvl3	1	1
e2f1	-1	-1
e2f2	NA	NA
ecadherin	-1	NA
eef2	1	1
eef2k	1	1
efabp	NA	NA
egfr	1	1
egfrpy1173	1	NA
egfrpy992	NA	NA
eif2aps51	NA	NA
eif4a1	NA	NA
eif4e	1	1
eif4eps209	1	NA
eif4g	1	1
elf2aps51	NA	NA
elk1ps383	1	NA
ema	1	1
endothelin1	NA	NA
eny2	1	1
epha2	NA	NA
epha2ps897	NA	NA
eralpha	1	1
eralphaps118	1	NA
eralphaps167	NA	NA
ercc1	1	1
ercc2	NA	NA
ercc5	-1	-1
erg123	NA	NA
erk2	1	1
erk5	NA	NA
ets1	1	NA
etv6	NA	NA
fak	1	1
fakpy397	1	NA
fakpy925	NA	NA
fancd2	NA	NA
fasn	1	1
fgfrpy653y654	NA	NA
fibronectin	1	1
fortilin	NA	NA
foxm1	1	1
foxo3a	-1	-1
foxo3aps318	NA	NA
foxo3aps318s321	-1	NA
fra1	1	1
fra1ps265	NA	NA
fra1ps265cleaved	NA	NA
frs2apy436	NA	NA
g6pd	1	1
gab2	1	1
gab2py452	NA	NA
gapdh	0	0
gata3	-1	-1
gata3beta	NA	NA
gata6	1	1
gclm	1	1
gcn5l2	1	1
glutamated12	1	NA
glutaminase	1	1
gpbb	NA	NA
granzymeb	-1	NA
gsk3alphabeta	NA	NA
gsk3alphabetaps21	NA	NA
gsk3alphabetaps21s9	NA	NA
gsk3b	NA	NA
gsk3bps9	NA	NA
gsk3ps21	NA	NA
gsk3ps9	1	NA
gys	1	1
gysps641	-1	NA
h2axps139	NA	NA
h2axps140	1	NA
her2	1	1
her2py1248	1	NA
her3	1	1
her3py1289	1	NA
heregulin	1	1
hes1	-1	-1
hexokinaseii	1	NA
hiap	NA	NA
hif1alpha	1	NA
histoneh2a	NA	NA
histoneh3	1	NA
hlae	NA	NA
hmgb1	NA	NA
hsp27	1	1
hsp27ps82	1	NA
hsp70	1	1
hsp90	NA	NA
hsp90a	NA	NA
hsparc	NA	NA
hvegf	NA	NA
hydin	NA	NA
igf1r	NA	NA
igf1rb	NA	NA
igf1rpy1135	NA	NA
igf1rpy1135y1136	1	NA
igf1rpy980	NA	NA
igfbp2	1	1
igfbp5	NA	NA
igfbpb	NA	NA
ikbaps32	NA	NA
ikbaps3236	NA	NA
inpp4b	-1	-1
irb	1	NA
irf1	1	NA
irs1	1	1
irs1ps307	NA	NA
jab1	NA	NA
jagged1	1	1
jak2	1	1
jnk2	1	1
jnkpt183y185	1	NA
junb	NA	NA
kif11	NA	NA
kras	NA	NA
ku	NA	NA
ku80	1	1
lc3ab	1	NA
lck	1	1
ldha	1	1
lkb1	NA	NA
lrp6ps1490	1	NA
mapkpt202	NA	NA
mapkpt202y204	1	NA
mcl1	1	NA
mct4	1	1
mdm2	NA	NA
mdm2ps166	1	NA
mek1	1	1
mek12ps217	NA	NA
mek1ps217	NA	NA
mek1ps217s221	1	NA
mek2	NA	NA
merit40ps29	1	NA
merlin	-1	-1
met	NA	NA
mgmt	NA	NA
mif	1	1
mig6	-1	-1
mitochondria	NA	NA
mklp	NA	NA
mlh1	NA	NA
mmp2	1	1
mnk1	1	1
mre11	1	1
msh2	1	1
msh6	-1	-1
msi2	1	1
mtor	1	1
mtorps2448	1	NA
myosin11	NA	NA
myosiniia	NA	NA
myosiniiaps1943	-1	NA
myt1	1	1
napsina	1	NA
nbs1	NA	NA
ncadherin	1	NA
nckips1	NA	NA
ndrg1pt346	-1	NA
ndufb4	1	1
nf2	1	1
nfkbp65	NA	NA
nfkbp65ps536	1	NA
notch1	1	1
notch3	1	1
nras	1	NA
p14arf	NA	NA
p16ink4a	-1	-1
p18ink4c	NA	NA
p19	NA	NA
p21	-1	-1
p27	1	1
p27pt157	1	NA
p27pt183	NA	NA
p27pt198	1	NA
p38	NA	NA
p38a	NA	NA
p38mapk	1	NA
p38mapkpt180	NA	NA
p38mapkpt180y182	NA	NA
p4442mapk	1	NA
p53	-1	-1
p53ps15	NA	NA
p62	NA	NA
p62lckligand	1	1
p70s6k	1	1
p70s6kps371	NA	NA
p70s6kpt389	1	NA
p90rsk	1	1
p90rskpt359	NA	NA
p90rskpt359s363	1	NA
p90rskpt573	1	NA
pai1	1	NA
paics	1	1
pak1	1	1
pak4	1	1
pal1	NA	NA
par	1	1
parp1	NA	NA
parp2	NA	NA
parpcleaved	1	NA
pax2	NA	NA
pax8	NA	NA
paxillin	1	1
paxillinpy118	NA	NA
pcadherin	1	NA
pcna	1	1
pdcd4	-1	-1
pdgfrb	1	NA
pdh	NA	NA
pdha1	NA	NA
pdhk1	1	1
pdk1	1	1
pdk1ps241	1	NA
pdl1	1	NA
pea15	-1	NA
pea15ps116	1	NA
pi3kp110alpha	1	NA
pi3kp110b	1	NA
pi3kp85	1	NA
pkaa	1	NA
pkcalpha	1	1
pkcalphaps657	1	NA
pkcbetaiips660	NA	NA
pkcdeltaps664	1	NA
pkm2	1	1
plcgamma2py759	1	NA
plcr2py759	NA	NA
plk1	1	1
plk4	NA	NA
pms2	-1	-1
porin	-1	-1
pr	1	1
pras40	1	1
pras40pt246	1	NA
prdx1	1	1
prex1	1	1
prkag2	NA	NA
prmt5	NA	NA
prohibitin	NA	NA
ptch	NA	NA
pten	-1	-1
puma	NA	NA
pygm	NA	NA
rab11	1	1
rab25	1	1
rad50	-1	-1
rad51	-1	-1
raptor	1	1
rasd2	NA	NA
rb	-1	-1
rbm15	-1	-1
rbps807	NA	NA
rbps807s811	1	NA
rheb	1	1
rictor	1	1
rictorpt1135	-1	NA
rip	1	1
rock1	NA	NA
rpa32	1	1
rpa32ps33	NA	NA
rpa32ps4s8	-1	NA
rsk	1	1
s6	1	1
s6ps235	NA	NA
s6ps235s236	1	NA
s6ps240	NA	NA
s6ps240s244	1	NA
scd1	1	1
sdha	-1	-1
setd2	1	1
sf2	1	1
shcpy317	1	NA
shp2py542	1	NA
slc1a5	1	1
slfn11	-1	-1
smac	-1	-1
smad1	0	0
smad3	0	0
smad3ps423	NA	NA
smad4	0	0
smad6	NA	NA
snail	1	1
socs2	NA	NA
sod1	1	1
sod2	1	1
sox2	1	1
sparc	NA	NA
spib	NA	NA
src	1	1
srcpy416	1	NA
srcpy527	-1	NA
stat3	1	1
stat3py705	1	NA
stat3py727	NA	NA
stat5alpha	1	1
stat5py694	NA	NA
stat6py641	NA	NA
stathmin	1	1
statpy694	NA	NA
syk	1	1
syntaxab2	NA	NA
tau	1	1
taz	-1	-1
tazps89	NA	NA
tcf4	NA	NA
telomerase	NA	NA
tfam	1	1
tff1	NA	NA
tfrc	1	1
tgif2	NA	NA
tif1	NA	NA
tigar	0	0
tim3	NA	NA
top1	NA	NA
transglutaminase	1	1
trfc	NA	NA
trim25	1	1
tsc1	-1	-1
tsc2	NA	NA
tsc2pt1462	NA	NA
ttf1	-1	-1
tu30	NA	NA
tufm	1	1
twist	1	1
tyro3	1	1
ubac1	0	0
ubiquitinclonep4d1a11	NA	NA
ugt1a	1	1
ulk1ps757	1	NA
uqcrc2	NA	NA
vasp	1	1
vav1	1	1
vegf	NA	NA
vegfr2	1	NA
vhleppk1	0	NA
vimentin	1	1
wee1	1	1
wee1ps642	-1	NA
wipi1	-1	-1
wipi2	-1	-1
x1433beta	-1	NA
x1433epsilon	1	NA
x1433sigma	NA	NA
x1433zeta	-1	NA
x4ebp1	-1	-1
x4ebp1ps65	1	NA
x4ebp1pt37	NA	NA
x4ebp1pt37t46	1	NA
x4ebp1pt70	1	NA
x4oct	NA	NA
x53bp1	-1	-1
xbp1	1	NA
xiap	NA	NA
xpa	-1	-1
xpb	NA	NA
xpc	NA	NA
xpf	-1	-1
xrcc1	1	1
yap	1	1
yapps127	1	NA
yb1	1	1
yb1ps102	1	NA
yboxbp1	NA	NA
zap70	1	NA
zhx2	NA	NA
znf342	NA	NA
